signup_month,new_user_count,previous_month_count,month_over_month_growth
1,96,,
2,83,96,-13.541666666666666
3,74,83,-10.843373493975903
4,79,74,6.756756756756757
5,97,79,22.784810126582279
6,89,97,-8.24742268041237
7,72,89,-19.101123595505616
8,87,72,20.833333333333336
9,85,87,-2.2988505747126435
10,76,85,-10.588235294117647
11,81,76,6.5789473684210522
12,81,81,0.0